{"val_loss": [20.943524105342355, 20.74210154916358, 21.41053787742074, 21.60085583484079, 22.48234265244852, 20.942451837494616, 20.776731806477223, 19.924305788175328, 20.03674529668853, 20.721397069495495, 21.353674100139948, 20.716914439764547, 21.70709333645077, 21.273275525551142, 21.00948446378933, 20.167754886657235, 20.74100865341547, 20.4611365551085], "val_gender_output_loss": [0.33849657618800016, 0.36423713863482626, 0.38065475765175705, 0.36489243121949705, 0.3619149145120242, 0.3377315342778296, 0.33365607578454054, 0.29428424753659355, 0.29936810392211743, 0.33325543791407675, 0.3655761914753069, 0.3268041437653106, 0.33455471838201123, 0.34808675669074995, 0.3114873259731634, 0.30616176121787525, 0.3906639798243684, 0.3060714357686559], "val_image_quality_output_loss": [1.0869977586851345, 1.0315344195196947, 1.13393449712926, 1.0741606983612841, 1.2459919776503496, 1.1044586821803897, 1.084098495836333, 0.9388898503123306, 0.9689160353086126, 1.0579307065235348, 1.174887116969101, 0.9541732865994371, 1.4120329529281677, 1.1019103578695162, 1.186972673483721, 0.9941977717745023, 1.0010563121067257, 1.0458195406620896], "val_age_output_loss": [1.3133471087207944, 1.2827086190539083, 1.3148698191943131, 1.4290725199256356, 1.3383026235685573, 1.306044090920546, 1.2994742712636633, 1.268953975260727, 1.26873849414465, 1.3166714568776408, 1.334542973773686, 1.328665310942282, 1.3057837284456089, 1.3330738258174086, 1.300385705598696, 1.2766448963345505, 1.286721960766109, 1.3007488189719794], "val_weight_output_loss": [1.0085935184336083, 0.9714356243141055, 0.9829480422763374, 0.9977880739790248, 1.0165525097546615, 0.9782444571885537, 0.9768833898183867, 0.9496571186959274, 0.9445401200159328, 0.9695273689397677, 0.9824375228619012, 0.9663507638015146, 1.0226812015368243, 0.9804322576428962, 0.9765693282517861, 0.9425707867765051, 0.9605718210456878, 0.9715725619961896], "val_bag_output_loss": [0.8154306761392458, 0.8985873629727702, 0.8315382672576453, 0.815844194860909, 0.8022334589732913, 0.814756139291553, 0.801345355163409, 0.7800568147437779, 0.7768779953164379, 0.7905633595046095, 0.80413338330787, 0.8044232737830305, 0.7910434974460151, 0.8375160271727194, 0.798874334322186, 0.7858494222164154, 0.802627560895259, 0.803438382355247], "val_pose_output_loss": [0.47070255236128183, 0.4506466238517461, 0.5458011350880457, 0.49608019140996334, 0.7515019975074633, 0.4815890781992064, 0.4628149999056275, 0.42307528299022845, 0.4405841887818547, 0.4793301501318695, 0.5223549243620061, 0.502353273449451, 0.46013974421840953, 0.4909347812901801, 0.4949494614375858, 0.4295136148007367, 0.4643916942648531, 0.44296695538393155], "val_footwear_output_loss": [0.8123893580568118, 0.768547954287116, 0.8316327234891456, 0.788555580095982, 0.8124651359760855, 0.7950079882238793, 0.804572375505928, 0.7797251292101042, 0.787964918716686, 0.8002938588303844, 0.7998165854318874, 0.8368720067298319, 0.8457370646825926, 0.8045626315544909, 0.7719517906350414, 0.7757226874039868, 0.8230133603407642, 0.7786605660840282], "val_emotion_output_loss": [0.8902171326903846, 0.8881925644837027, 0.9012532306937721, 0.9290454838219591, 0.9462838463895903, 0.9069893932717992, 0.9055983266961856, 0.8945835382919612, 0.8949459664464936, 0.8929995699660984, 0.9055905283436062, 0.8875190777572122, 0.918059607425074, 0.924785778278441, 0.9133663667937902, 0.9088530402014575, 0.9211597759423293, 0.8870294338136208], "val_gender_output_acc": [0.8710629921259843, 0.8523622047244095, 0.8533464566929134, 0.8474409448818898, 0.8459645669291339, 0.8636811023622047, 0.8656496062992126, 0.8863188976377953, 0.8853346456692913, 0.875492125984252, 0.8631889763779528, 0.8656496062992126, 0.8651574803149606, 0.8666338582677166, 0.8720472440944882, 0.8799212598425197, 0.8622047244094488, 0.8794291338582677], "val_image_quality_output_acc": [0.5246062992125984, 0.5260826771653543, 0.4985236220472441, 0.4729330708661417, 0.4434055118110236, 0.49753937007874016, 0.5073818897637795, 0.562007874015748, 0.5462598425196851, 0.5246062992125984, 0.47588582677165353, 0.5565944881889764, 0.39763779527559057, 0.49311023622047245, 0.4660433070866142, 0.547244094488189, 0.5600393700787402, 0.5118110236220472], "val_age_output_acc": [0.41584645669291337, 0.41289370078740156, 0.42913385826771655, 0.3823818897637795, 0.40846456692913385, 0.42076771653543305, 0.4237204724409449, 0.43503937007874016, 0.43503937007874016, 0.4187992125984252, 0.390748031496063, 0.40698818897637795, 0.42470472440944884, 0.4119094488188976, 0.41781496062992124, 0.4202755905511811, 0.421259842519685, 0.4296259842519685], "val_weight_output_acc": [0.5748031496062992, 0.59498031496063, 0.6210629921259843, 0.59498031496063, 0.59251968503937, 0.5979330708661418, 0.6136811023622047, 0.6195866141732284, 0.6284448818897638, 0.6240157480314961, 0.6053149606299213, 0.6195866141732284, 0.5846456692913385, 0.6122047244094488, 0.610236220472441, 0.6220472440944882, 0.6171259842519685, 0.6151574803149606], "val_bag_output_acc": [0.6584645669291339, 0.624507874015748, 0.6579724409448819, 0.6476377952755905, 0.6609251968503937, 0.6594488188976378, 0.6687992125984252, 0.6702755905511811, 0.6840551181102362, 0.6678149606299213, 0.671751968503937, 0.6648622047244095, 0.672736220472441, 0.6624015748031497, 0.6820866141732284, 0.6806102362204725, 0.6855314960629921, 0.6732283464566929], "val_pose_output_acc": [0.8312007874015748, 0.8474409448818898, 0.7962598425196851, 0.8213582677165354, 0.734744094488189, 0.827755905511811, 0.8499015748031497, 0.8553149606299213, 0.8474409448818898, 0.8307086614173228, 0.8228346456692913, 0.8159448818897638, 0.8390748031496063, 0.8351377952755905, 0.8307086614173228, 0.8518700787401575, 0.8494094488188977, 0.8410433070866141], "val_footwear_output_acc": [0.6687992125984252, 0.6747047244094488, 0.6461614173228346, 0.6471456692913385, 0.6382874015748031, 0.6643700787401575, 0.6624015748031497, 0.6707677165354331, 0.6673228346456693, 0.6624015748031497, 0.6609251968503937, 0.655511811023622, 0.6274606299212598, 0.6491141732283464, 0.6771653543307087, 0.6771653543307087, 0.6594488188976378, 0.6742125984251969], "val_emotion_output_acc": [0.6884842519685039, 0.6776574803149606, 0.6993110236220472, 0.6545275590551181, 0.6392716535433071, 0.6820866141732284, 0.6737204724409449, 0.6791338582677166, 0.6934055118110236, 0.6988188976377953, 0.6855314960629921, 0.6924212598425197, 0.6599409448818898, 0.6648622047244095, 0.6983267716535433, 0.6761811023622047, 0.6747047244094488, 0.6899606299212598], "loss": [19.263385637601218, 19.65259342458513, 19.927872382269964, 20.314323642518787, 20.291338650385537, 20.02231347825792, 19.694688590367637, 19.57906538910336, 19.410208757718404, 19.581773013538786, 19.846966195106507, 20.338320546680027, 20.325396349694994, 19.87671367062463, 19.782969694667393, 19.417063302463955, 19.148814649052092, 19.726056994332207], "gender_output_loss": [0.2991890932950709, 0.3187139645839731, 0.3356924423120088, 0.367910837671823, 0.3654795463093453, 0.351564578153193, 0.3237792589598232, 0.3103885277898775, 0.30098395467632344, 0.30865734501017467, 0.3429350272441904, 0.3540033233662446, 0.3632220606216126, 0.33579543007330764, 0.3234488708484504, 0.30362600862152045, 0.29110934839894376, 0.3147483298968938], "image_quality_output_loss": [0.8740971739093463, 0.8906527587109142, 0.8810754511091444, 0.9080607914262347, 0.9046740947498215, 0.8931529207362069, 0.8793611152304543, 0.8894750023881595, 0.8815014965004391, 0.8855653337306446, 0.883431223862701, 0.9039958917432361, 0.9070487737655639, 0.8818826759854953, 0.8907725350724326, 0.872218417459064, 0.8871164114938842, 0.8743599620130327],